code,title,stock
2000-BAT-0002,BAT CR2032HT,157
2000-BAT-0003,BAT 2032,8
2000-CAP-0001,CAP 10pF/16v/1206,20
2000-CAP-0002,CAP 10pF/50v/1206,3175
2000-CAP-0003,CAP 33pF/16v/1206,0
2000-CAP-0004,CAP 33pF/50v/1206,160
2000-CAP-0005,CAP 82pF/50v/1206,2787
2000-CAP-0006,CAP 220pF/1Kv/DIP,408
2000-CAP-0007,CAP 560pF/50v/1206,4065
2000-CAP-0008,CAP 1nF/16v/1206,10
2000-CAP-0009,CAP 1NF/50v/1206,3120
2000-CAP-0010,CAP 2.2NF/1kv/DIP,455
2000-CAP-0011,CAP 3.3NF/50v/1206,3120
2000-CAP-0012,CAP 10NF/50v/1206,3215
2000-CAP-0013,CAP 22NF/100v/DIP,10
2000-CAP-0014,CAP 22NF/1KV/DIP,75
2000-CAP-0015,CAP 100NF/16V/1206,269
2000-CAP-0016,CAP 100NF/25V/1206,10
2000-CAP-0018,CAP 100NF/50V/1206,5125
2000-CAP-0019,CAP 100NF/50v/0603,20
2000-CAP-0021,CAP 1uF/16v/1206,40
2000-CAP-0022,CAP 1uF/50v/1812,20
2000-CAP-0023,CAP 1uF/50v/1206,3230
2000-CAP-0024,CAP 2.2uF/16v/1206,20
2000-CAP-0025,CAP 4.7uF/50v/ALUM,465
2000-CAP-0026,CAP 10UF/16v/ALUM,975
2000-CAP-0027,CAP 10uF/16v/1206,48
2000-CAP-0028,CAP 10uF/25v/1206,20
2000-CAP-0029,CAP 10uF/50v/1206,90
2000-CAP-0030,CAP 10uF/50v/SMD,10
2000-CAP-0031,CAP 22uF/16v/ALUM,10
2000-CAP-0032,CAP 22uF/25v/ALUM,465
2000-CAP-0033,CAP 47uF/35v/SMD,465
2000-CAP-0034,CAP 47uF/35V/7343,13
2000-CAP-0035,CAP 47uF/50/7343,12
2000-CAP-0037,CAP 100uF/50V/ALUM,10
2000-CAP-0039,CAP 470uF/50V/SMD,10
2000-CAP-0041,CAP 22NF/2KV/MYLAR,138
2000-CAP-0042,CAP 22UF/16V/1206,1055
2000-CAP-0043,CAP 2.2uF/50v/1206,1020
2000-CAP-0044,CAP 100NF/400V/DIP,234
2000-CAP-0045,CAP 22uF/50V/DIP,3
2000-CAP-0046,CAP 22uF/400v/DIP,3
2000-CAP-0047,CAP 100NF/50V/DIP/CERAMIC,900
2000-CAP-0048,CAP 100NF/50V/DIP/MIKA,200
2000-CAP-0049,CAP 10NF/100V/DIP/FILM,600
2000-CAP-0050,CAP 100uF/35V/DIP/Electrolytic,77
2000-CAP-0051,CAP 100NF/100V/DIP/FILM,105
2000-CAP-0052,CAP 1uF/100V/DIP/Electrolytic,170
2000-CAP-0053,CAP 470VNF/50v/DIP/Electrolytic,200
2000-CAP-0054,CAP 4.7Nf/100v/DIP/FILM,200
2000-CAP-0055,CAP 4.7NF/50v/DIP/FILM,200
2000-CAP-0056,CAP 22uF/100V/DIP,3
2000-CAP-0057,CAP 2.2uF/50V/SMD/High Temp,13
2000-CAP-0058,CAP 22uF/25V/SMD/High Temp,22
2000-CAP-0059,CAP 47uF/25V/SMD/High Temp,13
2000-CAP-0060,CAP 100uF/50V/SMD/High Temp,16
2000-CAP-0064,CAP 47NF/50v/SMD ALUM,0
2000-CAP-0065,CAP 100NF/50v/0603,0
2000-CAP-0066,CAP 10uF/50v/0603,0
2000-CAP-0067,CAP 22pF/50v/0603,0
2000-CAP-0068,CAP 1NF/50v/0603,0
2000-CAP-0069,CAP 470pF/50v/0603,0
2000-CAP-0071,CAP 470NF/125v/DIP/poly,0
2000-CLEAN-0001,احيا كننده نوك هويه,2
2000-CLEAN-0002,پاك كننده نوك هويه,1
2000-CON-0001,CON  BS-7,321
2000-CON-0002,CON  KF301/10PIN/ 5+5,19
2000-CON-0003,CON  KF129/2PIN/VER,670
2000-CON-0004,CON 1755765l/VER/5 Pos,117
2000-CON-0005,CON  B2B/XH/2/MAL,87
2000-CON-0006,CON  B2B/XH/2PIN/F,80
2000-CON-0007,CON  B2B/XH/2PIN/Wire/F,50
2000-CON-0010,CON  VH/2PIN/F,2
2000-CON-0011,CON  VH/2PIN/MAL,12
2000-CON-0012,CON  VH/3PIN/MAL,19
2000-CON-0013,CON  VH/3PIN/F,19
2000-CON-0015,‎DC-22M (سوكت آدابتور) CON‎,22
2000-CON-0016,‎DC-25M (سوكت آدابتور) CON‎,10
2000-CON-0017,CON  TERMINAL/XH,194
2000-CON-0018,CON  TERMINAL/VH,60
2000-CON-0019,CON XH/3PIN/Wire/F,12
2000-CON-0020,CON  VH/4PIN/F,2
2000-CON-0021,CON  VH/4PIN/MAL,2
2000-CON-0022,هدر باكس2*5,2
2000-Clip-0001,سيم سوسماري,9
2000-DIO-0001,DIO M7,2130
2000-DIO-0002,DIO MB10FTR,340
2000-DIO-0003,DIO ZMM3V,2605
2000-DIO-0004,DIO ZMM5.1V,2550
2000-DIO-0005,DIO ZMM8.2V,2550
2000-DIO-0006,DIO ZMM16V,2655
2000-DIO-0007,DIO ZMM2.4V,2655
2000-DIO-0008,DIO SMBJ3.3V,2130
2000-DIO-0009,DIO SMBJ15V,5
2000-DIO-0010,DIO SMBJ20V,20
2000-DIO-0011,DIO SMBJ36V,2010
2000-DIO-0012,DIO SMBJ40V,20
2000-DIO-0013,DIO SMBJ43V,30
2000-DIO-0014,DIO SMBJ45V,0
2000-DIO-0015,DIO PSM712-12,386
2000-DIO-0016,DIO SS36/DO-214AB,2020
2000-DIO-0017,DIO SS36/DO-214AC,20
2000-DIO-0018,DIO SS16-E3,10
2000-DIO-0019,DIO US1M-E3/61T,2000
2000-DIO-0020,DIO MBRD660CT,4
2000-DIO-0021,DIO MBRD1045T4G,3
2000-DIO-0022,DIO SS110,2001
2000-DIO-0023,DIO STPS1045SFY-45V,20
2000-DIO-0024,DIO LL4148,69
2000-DIO-0025,DIO MBRB20200CTT4G,22
2000-DIO-0027,DIO PDS1040L-13,3
2000-DSW-0001,DSW DHS908,10
2000-DSW-0002,DSW KE08RTGR,232
2000-DSW-0003,DSW 4PIN/DIP,2
2000-DSW-0004,DSW BPA08SB/DIP,0
2000-FER-0001,FER UF16,295
2000-FER-0002,FER GU22*13,310
2000-FER-0003,FER HCB3216KF,40
2000-FER-0004,FER BLM31PG121SN1L,70
2000-FER-0005,FER HI1206T500R,6055
2000-FIL-0001,FIL Bnx026h01,10
2000-ICS-0001,ICs TL494ID/SMD,276
2000-ICS-0002,ICs 6N137-X007T,210
2000-ICS-0003,ICs TXS0108EQPWRQ1,230
2000-ICS-0004,ICs REF3125ALDBZR,10
2000-ICS-0005,ICs SN65HVD1781A-Q,6
2000-ICS-0006,ICs S8254AAFFT,25
2000-ICS-0007,ICs AD694ARZ,241
2000-ICS-0008,ICs BR24H32FJ,6
2000-ICS-0009,ICs R1S-0505/H,10
2000-ICS-0010,ICs STM32F405RGT7,212
2000-ICS-0011,ICs STM32L072CBT6,2
2000-ICS-0012,ICs SBTN01L-05N,222
2000-ICS-0013,ICs 74HC541D,240
2000-ICS-0014,ICs 74HC165D,292
2000-ICS-0015,ICs L78M05ABDT,210
2000-ICS-0016,ICs AMS1117,8
2000-ICS-0017,ICs XTR111AIDGQT,10
2000-ICS-0018,ICs ADUM1201AR,297
2000-ICS-0019,ICs AT24C32D,250
2000-ICS-0020,ICs ISP817XASM,1345
2000-ICS-0021,ICs AD8572ARZ,1000
2000-ICS-0022,ICs MAX487EESA,244
2000-ICS-0023,ICs LD1086DT33TR,215
2000-ICS-0024,ICs LM2594M-ADJ,305
2000-ICS-0025,ICs,295
2000-ICS-0026,ICD TL494MJ/DIP,4
2000-ICS-0027,ICs TL494BDR2G/SMD,238
2000-ICS-0028,ICs STM32F405RGT6,15
2000-ICS-0029,ICD REF02AJ/883C,0
2000-ICS-0030,ICs DS8500-JND+T&R,0
2000-ICS-0031,ICs STM32F103VGT7R,0
2000-ICS-0032,ICs STM32F103C8T7,20
2000-ICS-0033,ICs LM11117LMPX-3.3/NOPB,20
2000-IND-0001,IND H127-330UH,565
2000-IND-0002,IND SRP4020TA-100M,20
2000-IND-0003,IND SPRH127-330M,20
2000-IND-0004,IND PLT5BH5013R1SNL,10
2000-IND-0005,IND 100uH/SP-CO/DIP,2
2000-IND-0006,IND 100UH/redial/DIP,2
2000-IND-0007,IND RH127-33uH,555
2000-LED-0001,LED 3PIN/DIP/RED,51
2000-LED-0002,LED 151051RS11000/DIP/RED,2035
2000-LED-0003,LED 151051VS04000/DIP/GREEN,2055
2000-LED-0004,LED SML-D15MWT86C/1608,50
2000-LED-0005,LED 159744/1206/BLUE,20
2000-LED-0006,LED LTST C150GKT/1206,2055
2000-LED-0007,LED BLUE/SMD/0805,0
2000-LED-0008,LED RED/SMD/0805,0
2000-LED-0009,LED GREEN/SMD/0805,0
2000-Lamp-0001,لامپ هالوژن اسرام 250وات64655,3
2000-Lamp-0002,لامپ هالوژن اسرام 150وات64633,4
2000-Lamp-0003,لامپ هالوژن اسرام 100وات64625,4
2000-Lamp-0004,لامپ اسرام سوزني 100واتHLX 62138,36
2000-Lamp-0005,لامپ اسرام سوزني 50وات64440,10
2000-Lamp-0006,لامپ هالوژن 100واتH3,2
2000-Lamp-0008,لامپ هالوژن اسرام 100وات828,1
2000-Lithium-0003,باتري ليتيوم يون 18650/3000mA,0
2000-Lithium-0004,باتري ليتيوم يون 18650/2000mA,0
2000-Lithium-0005,باتري ليتيوم يون 21700/5000mA,0
2000-Lithium-0006,باتري ليتيوم يون 18650/2200mA,0
2000-MOS-0001,MOS  IRF3205PBF,2
2000-MOS-0002,MOS Aod403,98
2000-MOS-0003,MOS BSP170P,10
2000-MOS-0004,MOS MMBF170LT1G,91
2000-MOS-0005,MOS IPB072N15N3 G,22
2000-OPC-0001,OPC A3120,0
2000-OPC-0002,OPC IL300-H,0
2000-PCB-0001,PCB TORCH,18
2000-PCB-0002,PCB TOP/FLAME,0
2000-PCB-0003,PCB MID/ FLAME,0
2000-PCB-0004,PCB BOT/FLAME,0
2000-PCB-0005,PCB Connector/FLAME,0
2000-PCB-0006,PCB Connector sink/FLAME,5
2000-PCB-0008,PCB FLAME,0
2000-PCS-0001,PCS TERMINAL,0
2000-PIN-0001,PIN 2*40/M,0
2000-PIN-0002,PIN 2*20/M,2
2000-PIN-0003,PIN 1*40/F/15MM,33
2000-PIN-0004,PIN 1*40/M/10MM,2
2000-PIN-0005,PIN 1*40/M/34mm,85
2000-PIN-0015,PIN 1*40/F/0.4mm,98
2000-PIN-0016,PIN 2*40/F/0.4mm,100
2000-PIZ-0001,PIZ P53001/20bar,0
2000-PROBE-0001,پراب پنسي مولتي,1
2000-PROBE-0002,پراب سوزني مولتي متر,0
2000-PROBE-0003,پراب اسيلوسكوپ,7
2000-PROBE-0004,پراپ لاجيك آناليزور4041,2
2000-Pence-0001,پنس صاف,2
2000-Pence-0002,پنس مورب,2
2000-REG-0002,REG TPS54202DDCR,210
2000-REG-0003,REG  LM2678S-ADJ,1
2000-REL-0001,REL J114FL1CS1612VDC.41,82
2000-REL-0002,REL TIANBO/8,0
2000-REL-0003,REL TIANBO/4PIN,0
2000-REL-0004,REL PANASONIC/2021,0
2000-RES-0001,RES 0R/1206,305
2000-RES-0002,RES 0R/2512,9
2000-RES-0003,RES 0.01R/Shunt/2512,89
2000-RES-0004,RES 10R/1206,5064
2000-RES-0005,RES 15R/1206,100
2000-RES-0006,RES 22R-1206,5155
2000-RES-0007,RES 51R/1206,130
2000-RES-0008,RES 82R/1206,65
2000-RES-0009,RES 100R/1206,5270
2000-RES-0010,RES 120R/1206,5065
2000-RES-0011,RES 220R/1206,5585
2000-RES-0012,RES 330R/1206,5265
2000-RES-0013,RES 470R/1206,5155
2000-RES-0014,RES 560R/1206,5265
2000-RES-0015,RES 1k/1206,5800
2000-RES-0016,RES 1.2k/1206,5310
2000-RES-0017,RES 1.5k/1206,5210
2000-RES-0018,RES 1.65k/1206,20
2000-RES-0019,RES 2.2k/1206,5260
2000-RES-0020,RES 3.3k/1206,100
2000-RES-0021,RES 4.7k/1206,5255
2000-RES-0022,RES 8.2k/1206,5105
2000-RES-0023,RES 10k/1206,0
2000-RES-0024,RES 10.7k/1206,100
2000-RES-0025,RES 12k/1206,5105
2000-RES-0026,RES 33k/1206,5210
2000-RES-0027,RES 47k/1206,5210
2000-RES-0028,RES 100k/1206,5540
2000-RES-0029,RES 510k/1206,100
2000-RES-0030,RES 1M/1206,5255
2000-RES-0031,RES 1.2M/1206,10380
2000-RES-0032,RES 2.2M/1206,5270
2000-RES-0033,RES 5.6M/1206,5105
2000-RES-0034,RES 10M/1206,5105
2000-RES-0035,RES 3296W-1-102LF,409
2000-RES-0036,RES MOV-07D470K,555
2000-RES-0037,RES RF2623-000,465
2000-RES-0039,RES NTC10k/Termistor,7
2000-RES-0041,82R/2512,5000
2000-RES-0042,RES 10R/DIP,340
2000-RES-0043,RES 33R/DIP,165
2000-RES-0044,RES 17K/DIP,20
2000-RES-0045,RES 22K/DIP,6
2000-RES-0053,RES 33R/0603,0
2000-RES-0054,RES 100R/0603,0
2000-RES-0055,RES 10K/0603,0
2000-RES-0056,RES 0R/0603,0
2000-RES-0057,RES 0R/0805,0
2000-RES-0058,RES 120R/0603,0
2000-RES-0059,RES 220R/0603,0
2000-RES-0060,RES 330R/0603,0
2000-RES-0061,RES 680R/0603,0
2000-RES-0062,RES 1k/0603,0
2000-RES-0063,RES 1.5k/0603,0
2000-RES-0064,RES 2k/0603,0
2000-RES-0065,RES 2.2k/0603,5000
2000-RES-0066,RES 2.7k/0603,0
2000-RES-0067,RES 3.3k/0603,0
2000-RES-0068,RES 4.7k/0603,0
2000-RES-0069,RES 6.8k/0603,0
2000-RES-0070,RES 12k/0603,0
2000-RES-0071,RES 18k/0603,0
2000-RES-0072,RES 22k/0603,0
2000-RES-0073,RES 33k/0603,0
2000-RES-0074,RES 68k/0603,0
2000-RES-0075,RES 100k/0603,0
2000-RES-0076,RES 102k/0603,0
2000-RES-0077,RES 180K/0603,0
2000-RES-0078,RES 270K/0603,0
2000-RES-0079,RES 330K/0603,0
2000-SEN-0001,SEN IR446M10,7
2000-SEN-0002,SEN UVTRON R2868,291
2000-SEN-0003,SEN KEMET(USEQFCSA435100),80
2000-SOR-0001,SOR 7373,55
2000-SOR-0002,SOR  HYF38P30F250AG-S1,278
2000-SOR-0003,SOR XL-3838UV1Sa06G3,6
2000-SWI-0001,SWI  PS193Z10,1
2000-TRN-0001,TRN BCX5616TA,1000
2000-TRN-0002,TRN BC847BLT1G,2230
2000-TRN-0003,TRN MMBT5087LT1,10
2000-TRN-0004,TRN BC817-40.235,2130
2000-TRN-0006,TRN PC81710NIPIB,40
2000-Tools-0001,نوك هويه صاف,1
2000-Tools-0002,دستبند آنتي استاتيك,1
2000-Tools-0003,نازل دستگاه هويه,8
2000-Tools-0004,USB converter,7
2000-Tools-0005,سر هويه مورب 900M-T-IS,1
2000-USB-0001,USB BF MINI BODY/SMD,0
2000-VAR-0001,VAR SO7K30,10
2000-Volum-0001,VOLOM 10KOH  استريو دوبل معمولي,4
2000-Volum-0002,VOLOM 10KOH SINGEL TURL,10
2000-Volum-0003,VOLOM 1KOH SINGEL TURL,2
2000-WIR-0003,WIR BBW20 FM-FM 20C,40
2000-WIR-0007,connector wire 20CM,0
2000-XTL-0001,XTL 830014219B/32.768KHz/DIP,264
2000-XTL-0002,XTL ABLS-12.000MHZ-K4T,1015
2000-XTL-0003,XTL ABLS-12.000MHZ TXC SyPV,9
2000-brs-0001,برس ضد استاتيك(sunshine),1
2000-tools-0006,ليبل الكترونيك 30*10,0
